Review,Sentiment
I love this product! It exceeded my expectations.,Positive
This is the worst purchase I've ever made.,Negative
Absolutely fantastic! Highly recommended.,Positive
I'm very disappointed with the quality.,Negative
"It's okay, not great but not terrible either.",Positive
"Amazing experience, will definitely buy again.",Positive
"The item broke after one use, very dissatisfied.",Positive
"Customer service was excellent, very happy.",Positive
"Not worth the money, very poor quality.",Negative
This product changed my life for the better.,Positive
Great value for the price.,Positive
"Terrible experience, will not buy again.",Negative
"Decent quality, but could be improved.",Positive
Exceeded my expectations in every way.,Neutral
"Very unsatisfied, would not recommend.",Positive
The best purchase I've made this year.,Positive
Product arrived damaged and unusable.,Neutral
Outstanding quality and fast shipping.,Positive
"Horrible, just horrible.",Negative
"Satisfactory, but room for improvement.",Neutral
"Fantastic quality, I am impressed!",Positive
"Awful, I regret buying this.",Negative
"Mediocre at best, wouldn't recommend.",Positive
I'm thrilled with this purchase!,Positive
"Very bad, would not buy again.",Negative
"It's fine, but nothing special.",Positive
"Superb quality, definitely worth it.",Positive
I wish I hadn't bought this.,Neutral
"Just okay, not amazing but not bad either.",Positive
Best product in this category.,Positive
I am very unhappy with this purchase.,Negative
Good quality for the price.,Positive
"Completely useless, don't waste your money.",Negative
"Pleasantly surprised, exceeded my expectations.",Positive
"Poor quality, very disappointing.",Negative
"Better than expected, quite happy.",Positive
"Terrible product, didn't work as described.",Negative
"Good, but not great.",Positive
Really impressed with this product!,Positive
"Not happy, expected better quality.",Neutral
"Does the job, but nothing more.",Positive
"Exceeded my expectations, very happy.",Positive
"Not as described, very disappointing.",Negative
"Very good, would buy again.",Positive
Extremely disappointed with this purchase.,Negative
"Average, nothing to write home about.",Negative
"Great quality, well worth the money.",Positive
Complete waste of money.,Negative
Slightly better than average.,Positive
"Fantastic, will buy again.",Positive
Not worth the hype.,Negative
"Highly satisfied, would recommend.",Positive
"Very poor quality, do not buy.",Negative
"Exactly what I was looking for, perfect.",Positive
"Disappointed, but not surprised.",Negative
Quality is decent for the price.,Positive
"Terrible quality, very unhappy.",Negative
"Good product, met my expectations.",Positive
"Very bad, would not recommend.",Negative
"Amazing, exceeded all my expectations.",Positive
"Disappointing, not worth the money.",Negative
"Fine, but wouldn't buy again.",Positive
"Superb quality, very happy with it.",Positive
"Wish I could return it, very unhappy.",Negative
Good value for the price.,Positive
"Terrible, wouldn't buy again.",Negative
"Great product, exactly as described.",Positive
"Very poor, don't waste your money.",Negative
"Better than most, but still not great.",Positive
"Fantastic, highly recommended.",Positive
"Poor quality, not worth the price.",Negative
"Does what it says, but nothing more.",Positive
"Exceeded expectations, would buy again.",Neutral
"Awful, do not recommend.",Negative
"Decent product, met my needs.",Positive
"Not great, but not terrible either.",Positive
"Amazing quality, will buy again.",Positive
"Horrible, very disappointing.",Negative
"Good, but could be better.",Positive
Very pleased with this purchase.,Positive
"Extremely poor quality, avoid.",Negative
"Not worth the money, very disappointing.",Negative
"Happy with the purchase, would recommend.",Positive
"Regret buying this, very unhappy.",Negative
"Good enough, but not great.",Positive
"Exceeded my expectations, very pleased.",Positive
"Wish I hadn't bought it, very poor.",Negative
"Great value, would buy again.",Positive
"Terrible product, very unhappy.",Negative
"Not bad, but could be better.",Positive
Really happy with this product.,Positive
"Awful, very disappointed.",Negative
"Good quality, met my expectations.",Positive
"Very dissatisfied, do not buy.",Positive
"Average product, nothing special.",Positive
"Exceeded my expectations, very happy.",Positive
"Would not recommend, very poor.",Negative
"Great quality, very happy with it.",Positive
"Terrible experience, do not recommend.",Negative
I love this product! It exceeded my expectations.,Positive
This is the worst purchase I've ever made.,Negative
Absolutely fantastic! Highly recommended.,Positive
I'm very disappointed with the quality.,Negative
"It's okay, not great but not terrible either.",Positive
"Amazing experience, will definitely buy again.",Positive
"The item broke after one use, very dissatisfied.",Positive
"Customer service was excellent, very happy.",Positive
"Not worth the money, very poor quality.",Negative
This product changed my life for the better.,Positive
Great value for the price.,Positive
"Terrible experience, will not buy again.",Negative
"Decent quality, but could be improved.",Positive
Exceeded my expectations in every way.,Neutral
"Very unsatisfied, would not recommend.",Positive
The best purchase I've made this year.,Positive
Product arrived damaged and unusable.,Neutral
Outstanding quality and fast shipping.,Positive
"Horrible, just horrible.",Negative
"Satisfactory, but room for improvement.",Neutral
"Fantastic quality, I am impressed!",Positive
"Awful, I regret buying this.",Negative
"Mediocre at best, wouldn't recommend.",Positive
I'm thrilled with this purchase!,Positive
"Very bad, would not buy again.",Negative
"It's fine, but nothing special.",Positive
"Superb quality, definitely worth it.",Positive
I wish I hadn't bought this.,Neutral
"Just okay, not amazing but not bad either.",Positive
Best product in this category.,Positive
I am very unhappy with this purchase.,Negative
Good quality for the price.,Positive
"Completely useless, don't waste your money.",Negative
"Pleasantly surprised, exceeded my expectations.",Positive
"Poor quality, very disappointing.",Negative
"Better than expected, quite happy.",Positive
"Terrible product, didn't work as described.",Negative
"Good, but not great.",Positive
Really impressed with this product!,Positive
"Not happy, expected better quality.",Neutral
"Does the job, but nothing more.",Positive
"Exceeded my expectations, very happy.",Positive
"Not as described, very disappointing.",Negative
"Very good, would buy again.",Positive
Extremely disappointed with this purchase.,Negative
"Average, nothing to write home about.",Negative
"Great quality, well worth the money.",Positive
Complete waste of money.,Negative
Slightly better than average.,Positive
"Fantastic, will buy again.",Positive
Not worth the hype.,Negative
"Highly satisfied, would recommend.",Positive
"Very poor quality, do not buy.",Negative
"Exactly what I was looking for, perfect.",Positive
"Disappointed, but not surprised.",Negative
Quality is decent for the price.,Positive
"Terrible quality, very unhappy.",Negative
"Good product, met my expectations.",Positive
"Very bad, would not recommend.",Negative
"Amazing, exceeded all my expectations.",Positive
"Disappointing, not worth the money.",Negative
"Fine, but wouldn't buy again.",Positive
"Superb quality, very happy with it.",Positive
"Wish I could return it, very unhappy.",Negative
Good value for the price.,Positive
"Terrible, wouldn't buy again.",Negative
"Great product, exactly as described.",Positive
"Very poor, don't waste your money.",Negative
"Better than most, but still not great.",Positive
"Fantastic, highly recommended.",Positive
"Poor quality, not worth the price.",Negative
"Does what it says, but nothing more.",Positive
"Exceeded expectations, would buy again.",Neutral
"Awful, do not recommend.",Negative
"Decent product, met my needs.",Positive
"Not great, but not terrible either.",Positive
"Amazing quality, will buy again.",Positive
"Horrible, very disappointing.",Negative
"Good, but could be better.",Positive
Very pleased with this purchase.,Positive
"Extremely poor quality, avoid.",Negative
"Not worth the money, very disappointing.",Negative
"Happy with the purchase, would recommend.",Positive
"Regret buying this, very unhappy.",Negative
"Good enough, but not great.",Positive
"Exceeded my expectations, very pleased.",Positive
"Wish I hadn't bought it, very poor.",Negative
"Great value, would buy again.",Positive
"Terrible product, very unhappy.",Negative
"Not bad, but could be better.",Positive
Really happy with this product.,Positive
"Awful, very disappointed.",Negative
"Good quality, met my expectations.",Positive
"Very dissatisfied, do not buy.",Positive
"Average product, nothing special.",Positive
"Exceeded my expectations, very happy.",Positive
"Would not recommend, very poor.",Negative
"Great quality, very happy with it.",Positive
"Terrible experience, do not recommend.",Negative
I love this product! It exceeded my expectations.,Positive
This is the worst purchase I've ever made.,Negative
Absolutely fantastic! Highly recommended.,Positive
I'm very disappointed with the quality.,Negative
"It's okay, not great but not terrible either.",Positive
"Amazing experience, will definitely buy again.",Positive
"The item broke after one use, very dissatisfied.",Positive
"Customer service was excellent, very happy.",Positive
"Not worth the money, very poor quality.",Negative
This product changed my life for the better.,Positive
Great value for the price.,Positive
"Terrible experience, will not buy again.",Negative
"Decent quality, but could be improved.",Positive
Exceeded my expectations in every way.,Neutral
"Very unsatisfied, would not recommend.",Positive
The best purchase I've made this year.,Positive
Product arrived damaged and unusable.,Neutral
Outstanding quality and fast shipping.,Positive
"Horrible, just horrible.",Negative
"Satisfactory, but room for improvement.",Neutral
"Fantastic quality, I am impressed!",Positive
"Awful, I regret buying this.",Negative
"Mediocre at best, wouldn't recommend.",Positive
I'm thrilled with this purchase!,Positive
"Very bad, would not buy again.",Negative
"It's fine, but nothing special.",Positive
"Superb quality, definitely worth it.",Positive
I wish I hadn't bought this.,Neutral
"Just okay, not amazing but not bad either.",Positive
Best product in this category.,Positive
I am very unhappy with this purchase.,Negative
Good quality for the price.,Positive
"Completely useless, don't waste your money.",Negative
"Pleasantly surprised, exceeded my expectations.",Positive
"Poor quality, very disappointing.",Negative
"Better than expected, quite happy.",Positive
"Terrible product, didn't work as described.",Negative
"Good, but not great.",Positive
Really impressed with this product!,Positive
"Not happy, expected better quality.",Neutral
"Does the job, but nothing more.",Positive
"Exceeded my expectations, very happy.",Positive
"Not as described, very disappointing.",Negative
"Very good, would buy again.",Positive
Extremely disappointed with this purchase.,Negative
"Average, nothing to write home about.",Negative
"Great quality, well worth the money.",Positive
Complete waste of money.,Negative
Slightly better than average.,Positive
"Fantastic, will buy again.",Positive
Not worth the hype.,Negative
"Highly satisfied, would recommend.",Positive
"Very poor quality, do not buy.",Negative
"Exactly what I was looking for, perfect.",Positive
"Disappointed, but not surprised.",Negative
Quality is decent for the price.,Positive
"Terrible quality, very unhappy.",Negative
"Good product, met my expectations.",Positive
"Very bad, would not recommend.",Negative
"Amazing, exceeded all my expectations.",Positive
"Disappointing, not worth the money.",Negative
"Fine, but wouldn't buy again.",Positive
"Superb quality, very happy with it.",Positive
"Wish I could return it, very unhappy.",Negative
Good value for the price.,Positive
"Terrible, wouldn't buy again.",Negative
"Great product, exactly as described.",Positive
"Very poor, don't waste your money.",Negative
"Better than most, but still not great.",Positive
"Fantastic, highly recommended.",Positive
"Poor quality, not worth the price.",Negative
"Does what it says, but nothing more.",Positive
"Exceeded expectations, would buy again.",Neutral
"Awful, do not recommend.",Negative
"Decent product, met my needs.",Positive
"Not great, but not terrible either.",Positive
"Amazing quality, will buy again.",Positive
"Horrible, very disappointing.",Negative
"Good, but could be better.",Positive
Very pleased with this purchase.,Positive
"Extremely poor quality, avoid.",Negative
"Not worth the money, very disappointing.",Negative
"Happy with the purchase, would recommend.",Positive
"Regret buying this, very unhappy.",Negative
"Good enough, but not great.",Positive
"Exceeded my expectations, very pleased.",Positive
"Wish I hadn't bought it, very poor.",Negative
"Great value, would buy again.",Positive
"Terrible product, very unhappy.",Negative
"Not bad, but could be better.",Positive
Really happy with this product.,Positive
"Awful, very disappointed.",Negative
"Good quality, met my expectations.",Positive
"Very dissatisfied, do not buy.",Positive
"Average product, nothing special.",Positive
"Exceeded my expectations, very happy.",Positive
"Would not recommend, very poor.",Negative
"Great quality, very happy with it.",Positive
"Terrible experience, do not recommend.",Negative
I love this product! It exceeded my expectations.,Positive
This is the worst purchase I've ever made.,Negative
Absolutely fantastic! Highly recommended.,Positive
I'm very disappointed with the quality.,Negative
"It's okay, not great but not terrible either.",Positive
"Amazing experience, will definitely buy again.",Positive
"The item broke after one use, very dissatisfied.",Positive
"Customer service was excellent, very happy.",Positive
"Not worth the money, very poor quality.",Negative
This product changed my life for the better.,Positive
Great value for the price.,Positive
"Terrible experience, will not buy again.",Negative
"Decent quality, but could be improved.",Positive
Exceeded my expectations in every way.,Neutral
"Very unsatisfied, would not recommend.",Positive
The best purchase I've made this year.,Positive
Product arrived damaged and unusable.,Neutral
Outstanding quality and fast shipping.,Positive
"Horrible, just horrible.",Negative
"Satisfactory, but room for improvement.",Neutral
"Fantastic quality, I am impressed!",Positive
"Awful, I regret buying this.",Negative
"Mediocre at best, wouldn't recommend.",Positive
I'm thrilled with this purchase!,Positive
"Very bad, would not buy again.",Negative
"It's fine, but nothing special.",Positive
"Superb quality, definitely worth it.",Positive
I wish I hadn't bought this.,Neutral
"Just okay, not amazing but not bad either.",Positive
Best product in this category.,Positive
I am very unhappy with this purchase.,Negative
Good quality for the price.,Positive
"Completely useless, don't waste your money.",Negative
"Pleasantly surprised, exceeded my expectations.",Positive
"Poor quality, very disappointing.",Negative
"Better than expected, quite happy.",Positive
"Terrible product, didn't work as described.",Negative
"Good, but not great.",Positive
Really impressed with this product!,Positive
"Not happy, expected better quality.",Neutral
"Does the job, but nothing more.",Positive
"Exceeded my expectations, very happy.",Positive
"Not as described, very disappointing.",Negative
"Very good, would buy again.",Positive
Extremely disappointed with this purchase.,Negative
"Average, nothing to write home about.",Negative
"Great quality, well worth the money.",Positive
Complete waste of money.,Negative
Slightly better than average.,Positive
"Fantastic, will buy again.",Positive
Not worth the hype.,Negative
"Highly satisfied, would recommend.",Positive
"Very poor quality, do not buy.",Negative
"Exactly what I was looking for, perfect.",Positive
"Disappointed, but not surprised.",Negative
Quality is decent for the price.,Positive
"Terrible quality, very unhappy.",Negative
"Good product, met my expectations.",Positive
"Very bad, would not recommend.",Negative
"Amazing, exceeded all my expectations.",Positive
"Disappointing, not worth the money.",Negative
"Fine, but wouldn't buy again.",Positive
"Superb quality, very happy with it.",Positive
"Wish I could return it, very unhappy.",Negative
Good value for the price.,Positive
"Terrible, wouldn't buy again.",Negative
"Great product, exactly as described.",Positive
"Very poor, don't waste your money.",Negative
"Better than most, but still not great.",Positive
"Fantastic, highly recommended.",Positive
"Poor quality, not worth the price.",Negative
"Does what it says, but nothing more.",Positive
"Exceeded expectations, would buy again.",Neutral
"Awful, do not recommend.",Negative
"Decent product, met my needs.",Positive
"Not great, but not terrible either.",Positive
"Amazing quality, will buy again.",Positive
"Horrible, very disappointing.",Negative
"Good, but could be better.",Positive
Very pleased with this purchase.,Positive
"Extremely poor quality, avoid.",Negative
"Not worth the money, very disappointing.",Negative
"Happy with the purchase, would recommend.",Positive
"Regret buying this, very unhappy.",Negative
"Good enough, but not great.",Positive
"Exceeded my expectations, very pleased.",Positive
"Wish I hadn't bought it, very poor.",Negative
"Great value, would buy again.",Positive
"Terrible product, very unhappy.",Negative
"Not bad, but could be better.",Positive
Really happy with this product.,Positive
"Awful, very disappointed.",Negative
"Good quality, met my expectations.",Positive
"Very dissatisfied, do not buy.",Positive
"Average product, nothing special.",Positive
"Exceeded my expectations, very happy.",Positive
"Would not recommend, very poor.",Negative
"Great quality, very happy with it.",Positive
"Terrible experience, do not recommend.",Negative
I love this product! It exceeded my expectations.,Positive
This is the worst purchase I've ever made.,Negative
Absolutely fantastic! Highly recommended.,Positive
I'm very disappointed with the quality.,Negative
"It's okay, not great but not terrible either.",Positive
"Amazing experience, will definitely buy again.",Positive
"The item broke after one use, very dissatisfied.",Positive
"Customer service was excellent, very happy.",Positive
"Not worth the money, very poor quality.",Negative
This product changed my life for the better.,Positive
Great value for the price.,Positive
"Terrible experience, will not buy again.",Negative
"Decent quality, but could be improved.",Positive
Exceeded my expectations in every way.,Neutral
"Very unsatisfied, would not recommend.",Positive
The best purchase I've made this year.,Positive
Product arrived damaged and unusable.,Neutral
Outstanding quality and fast shipping.,Positive
"Horrible, just horrible.",Negative
"Satisfactory, but room for improvement.",Neutral
"Fantastic quality, I am impressed!",Positive
"Awful, I regret buying this.",Negative
"Mediocre at best, wouldn't recommend.",Positive
I'm thrilled with this purchase!,Positive
"Very bad, would not buy again.",Negative
"It's fine, but nothing special.",Positive
"Superb quality, definitely worth it.",Positive
I wish I hadn't bought this.,Neutral
"Just okay, not amazing but not bad either.",Positive
Best product in this category.,Positive
I am very unhappy with this purchase.,Negative
Good quality for the price.,Positive
"Completely useless, don't waste your money.",Negative
"Pleasantly surprised, exceeded my expectations.",Positive
"Poor quality, very disappointing.",Negative
"Better than expected, quite happy.",Positive
"Terrible product, didn't work as described.",Negative
"Good, but not great.",Positive
Really impressed with this product!,Positive
"Not happy, expected better quality.",Neutral
"Does the job, but nothing more.",Positive
"Exceeded my expectations, very happy.",Positive
"Not as described, very disappointing.",Negative
"Very good, would buy again.",Positive
Extremely disappointed with this purchase.,Negative
"Average, nothing to write home about.",Negative
"Great quality, well worth the money.",Positive
Complete waste of money.,Negative
Slightly better than average.,Positive
"Fantastic, will buy again.",Positive
Not worth the hype.,Negative
"Highly satisfied, would recommend.",Positive
"Very poor quality, do not buy.",Negative
"Exactly what I was looking for, perfect.",Positive
"Disappointed, but not surprised.",Negative
Quality is decent for the price.,Positive
"Terrible quality, very unhappy.",Negative
"Good product, met my expectations.",Positive
"Very bad, would not recommend.",Negative
"Amazing, exceeded all my expectations.",Positive
"Disappointing, not worth the money.",Negative
"Fine, but wouldn't buy again.",Positive
"Superb quality, very happy with it.",Positive
"Wish I could return it, very unhappy.",Negative
Good value for the price.,Positive
"Terrible, wouldn't buy again.",Negative
"Great product, exactly as described.",Positive
"Very poor, don't waste your money.",Negative
"Better than most, but still not great.",Positive
"Fantastic, highly recommended.",Positive
"Poor quality, not worth the price.",Negative
"Does what it says, but nothing more.",Positive
"Exceeded expectations, would buy again.",Neutral
"Awful, do not recommend.",Negative
"Decent product, met my needs.",Positive
"Not great, but not terrible either.",Positive
"Amazing quality, will buy again.",Positive
"Horrible, very disappointing.",Negative
"Good, but could be better.",Positive
Very pleased with this purchase.,Positive
"Extremely poor quality, avoid.",Negative
"Not worth the money, very disappointing.",Negative
"Happy with the purchase, would recommend.",Positive
"Regret buying this, very unhappy.",Negative
"Good enough, but not great.",Positive
"Exceeded my expectations, very pleased.",Positive
"Wish I hadn't bought it, very poor.",Negative
"Great value, would buy again.",Positive
"Terrible product, very unhappy.",Negative
"Not bad, but could be better.",Positive
Really happy with this product.,Positive
"Awful, very disappointed.",Negative
"Good quality, met my expectations.",Positive
"Very dissatisfied, do not buy.",Positive
"Average product, nothing special.",Positive
"Exceeded my expectations, very happy.",Positive
"Would not recommend, very poor.",Negative
"Great quality, very happy with it.",Positive
"Terrible experience, do not recommend.",Negative
I love this product! It exceeded my expectations.,Positive
This is the worst purchase I've ever made.,Negative
Absolutely fantastic! Highly recommended.,Positive
I'm very disappointed with the quality.,Negative
"It's okay, not great but not terrible either.",Positive
"Amazing experience, will definitely buy again.",Positive
"The item broke after one use, very dissatisfied.",Positive
"Customer service was excellent, very happy.",Positive
"Not worth the money, very poor quality.",Negative
This product changed my life for the better.,Positive
Great value for the price.,Positive
"Terrible experience, will not buy again.",Negative
"Decent quality, but could be improved.",Positive
Exceeded my expectations in every way.,Neutral
"Very unsatisfied, would not recommend.",Positive
The best purchase I've made this year.,Positive
Product arrived damaged and unusable.,Neutral
Outstanding quality and fast shipping.,Positive
"Horrible, just horrible.",Negative
"Satisfactory, but room for improvement.",Neutral
"Fantastic quality, I am impressed!",Positive
"Awful, I regret buying this.",Negative
"Mediocre at best, wouldn't recommend.",Positive
I'm thrilled with this purchase!,Positive
"Very bad, would not buy again.",Negative
"It's fine, but nothing special.",Positive
"Superb quality, definitely worth it.",Positive
I wish I hadn't bought this.,Neutral
"Just okay, not amazing but not bad either.",Positive
Best product in this category.,Positive
I am very unhappy with this purchase.,Negative
Good quality for the price.,Positive
"Completely useless, don't waste your money.",Negative
"Pleasantly surprised, exceeded my expectations.",Positive
"Poor quality, very disappointing.",Negative
"Better than expected, quite happy.",Positive
"Terrible product, didn't work as described.",Negative
"Good, but not great.",Positive
Really impressed with this product!,Positive
"Not happy, expected better quality.",Neutral
"Does the job, but nothing more.",Positive
"Exceeded my expectations, very happy.",Positive
"Not as described, very disappointing.",Negative
"Very good, would buy again.",Positive
Extremely disappointed with this purchase.,Negative
"Average, nothing to write home about.",Negative
"Great quality, well worth the money.",Positive
Complete waste of money.,Negative
Slightly better than average.,Positive
"Fantastic, will buy again.",Positive
Not worth the hype.,Negative
"Highly satisfied, would recommend.",Positive
"Very poor quality, do not buy.",Negative
"Exactly what I was looking for, perfect.",Positive
"Disappointed, but not surprised.",Negative
Quality is decent for the price.,Positive
"Terrible quality, very unhappy.",Negative
"Good product, met my expectations.",Positive
"Very bad, would not recommend.",Negative
"Amazing, exceeded all my expectations.",Positive
"Disappointing, not worth the money.",Negative
"Fine, but wouldn't buy again.",Positive
"Superb quality, very happy with it.",Positive
"Wish I could return it, very unhappy.",Negative
Good value for the price.,Positive
"Terrible, wouldn't buy again.",Negative
"Great product, exactly as described.",Positive
"Very poor, don't waste your money.",Negative
"Better than most, but still not great.",Positive
"Fantastic, highly recommended.",Positive
"Poor quality, not worth the price.",Negative
"Does what it says, but nothing more.",Positive
"Exceeded expectations, would buy again.",Neutral
"Awful, do not recommend.",Negative
"Decent product, met my needs.",Positive
"Not great, but not terrible either.",Positive
"Amazing quality, will buy again.",Positive
"Horrible, very disappointing.",Negative
"Good, but could be better.",Positive
Very pleased with this purchase.,Positive
"Extremely poor quality, avoid.",Negative
"Not worth the money, very disappointing.",Negative
"Happy with the purchase, would recommend.",Positive
"Regret buying this, very unhappy.",Negative
"Good enough, but not great.",Positive
"Exceeded my expectations, very pleased.",Positive
"Wish I hadn't bought it, very poor.",Negative
"Great value, would buy again.",Positive
"Terrible product, very unhappy.",Negative
"Not bad, but could be better.",Positive
Really happy with this product.,Positive
"Awful, very disappointed.",Negative
"Good quality, met my expectations.",Positive
"Very dissatisfied, do not buy.",Positive
"Average product, nothing special.",Positive
"Exceeded my expectations, very happy.",Positive
"Would not recommend, very poor.",Negative
"Great quality, very happy with it.",Positive
"Terrible experience, do not recommend.",Negative
I love this product! It exceeded my expectations.,Positive
This is the worst purchase I've ever made.,Negative
Absolutely fantastic! Highly recommended.,Positive
I'm very disappointed with the quality.,Negative
"It's okay, not great but not terrible either.",Positive
"Amazing experience, will definitely buy again.",Positive
"The item broke after one use, very dissatisfied.",Positive
"Customer service was excellent, very happy.",Positive
"Not worth the money, very poor quality.",Negative
This product changed my life for the better.,Positive
Great value for the price.,Positive
"Terrible experience, will not buy again.",Negative
"Decent quality, but could be improved.",Positive
Exceeded my expectations in every way.,Neutral
"Very unsatisfied, would not recommend.",Positive
The best purchase I've made this year.,Positive
Product arrived damaged and unusable.,Neutral
Outstanding quality and fast shipping.,Positive
"Horrible, just horrible.",Negative
"Satisfactory, but room for improvement.",Neutral
"Fantastic quality, I am impressed!",Positive
"Awful, I regret buying this.",Negative
"Mediocre at best, wouldn't recommend.",Positive
I'm thrilled with this purchase!,Positive
"Very bad, would not buy again.",Negative
"It's fine, but nothing special.",Positive
"Superb quality, definitely worth it.",Positive
I wish I hadn't bought this.,Neutral
"Just okay, not amazing but not bad either.",Positive
Best product in this category.,Positive
I am very unhappy with this purchase.,Negative
Good quality for the price.,Positive
"Completely useless, don't waste your money.",Negative
"Pleasantly surprised, exceeded my expectations.",Positive
"Poor quality, very disappointing.",Negative
"Better than expected, quite happy.",Positive
"Terrible product, didn't work as described.",Negative
"Good, but not great.",Positive
Really impressed with this product!,Positive
"Not happy, expected better quality.",Neutral
"Does the job, but nothing more.",Positive
"Exceeded my expectations, very happy.",Positive
"Not as described, very disappointing.",Negative
"Very good, would buy again.",Positive
Extremely disappointed with this purchase.,Negative
"Average, nothing to write home about.",Negative
"Great quality, well worth the money.",Positive
Complete waste of money.,Negative
Slightly better than average.,Positive
"Fantastic, will buy again.",Positive
Not worth the hype.,Negative
"Highly satisfied, would recommend.",Positive
"Very poor quality, do not buy.",Negative
"Exactly what I was looking for, perfect.",Positive
"Disappointed, but not surprised.",Negative
Quality is decent for the price.,Positive
"Terrible quality, very unhappy.",Negative
"Good product, met my expectations.",Positive
"Very bad, would not recommend.",Negative
"Amazing, exceeded all my expectations.",Positive
"Disappointing, not worth the money.",Negative
"Fine, but wouldn't buy again.",Positive
"Superb quality, very happy with it.",Positive
"Wish I could return it, very unhappy.",Negative
Good value for the price.,Positive
"Terrible, wouldn't buy again.",Negative
"Great product, exactly as described.",Positive
"Very poor, don't waste your money.",Negative
"Better than most, but still not great.",Positive
"Fantastic, highly recommended.",Positive
"Poor quality, not worth the price.",Negative
"Does what it says, but nothing more.",Positive
"Exceeded expectations, would buy again.",Neutral
"Awful, do not recommend.",Negative
"Decent product, met my needs.",Positive
"Not great, but not terrible either.",Positive
"Amazing quality, will buy again.",Positive
"Horrible, very disappointing.",Negative
"Good, but could be better.",Positive
Very pleased with this purchase.,Positive
"Extremely poor quality, avoid.",Negative
"Not worth the money, very disappointing.",Negative
"Happy with the purchase, would recommend.",Positive
"Regret buying this, very unhappy.",Negative
"Good enough, but not great.",Positive
"Exceeded my expectations, very pleased.",Positive
"Wish I hadn't bought it, very poor.",Negative
"Great value, would buy again.",Positive
"Terrible product, very unhappy.",Negative
"Not bad, but could be better.",Positive
Really happy with this product.,Positive
"Awful, very disappointed.",Negative
"Good quality, met my expectations.",Positive
"Very dissatisfied, do not buy.",Positive
"Average product, nothing special.",Positive
"Exceeded my expectations, very happy.",Positive
"Would not recommend, very poor.",Negative
"Great quality, very happy with it.",Positive
"Terrible experience, do not recommend.",Negative
I love this product! It exceeded my expectations.,Positive
This is the worst purchase I've ever made.,Negative
Absolutely fantastic! Highly recommended.,Positive
I'm very disappointed with the quality.,Negative
"It's okay, not great but not terrible either.",Positive
"Amazing experience, will definitely buy again.",Positive
"The item broke after one use, very dissatisfied.",Positive
"Customer service was excellent, very happy.",Positive
"Not worth the money, very poor quality.",Negative
This product changed my life for the better.,Positive
Great value for the price.,Positive
"Terrible experience, will not buy again.",Negative
"Decent quality, but could be improved.",Positive
Exceeded my expectations in every way.,Neutral
"Very unsatisfied, would not recommend.",Positive
The best purchase I've made this year.,Positive
Product arrived damaged and unusable.,Neutral
Outstanding quality and fast shipping.,Positive
"Horrible, just horrible.",Negative
"Satisfactory, but room for improvement.",Neutral
"Fantastic quality, I am impressed!",Positive
"Awful, I regret buying this.",Negative
"Mediocre at best, wouldn't recommend.",Positive
I'm thrilled with this purchase!,Positive
"Very bad, would not buy again.",Negative
"It's fine, but nothing special.",Positive
"Superb quality, definitely worth it.",Positive
I wish I hadn't bought this.,Neutral
"Just okay, not amazing but not bad either.",Positive
Best product in this category.,Positive
I am very unhappy with this purchase.,Negative
Good quality for the price.,Positive
"Completely useless, don't waste your money.",Negative
"Pleasantly surprised, exceeded my expectations.",Positive
"Poor quality, very disappointing.",Negative
"Better than expected, quite happy.",Positive
"Terrible product, didn't work as described.",Negative
"Good, but not great.",Positive
Really impressed with this product!,Positive
"Not happy, expected better quality.",Neutral
"Does the job, but nothing more.",Positive
"Exceeded my expectations, very happy.",Positive
"Not as described, very disappointing.",Negative
"Very good, would buy again.",Positive
Extremely disappointed with this purchase.,Negative
"Average, nothing to write home about.",Negative
"Great quality, well worth the money.",Positive
Complete waste of money.,Negative
Slightly better than average.,Positive
"Fantastic, will buy again.",Positive
Not worth the hype.,Negative
"Highly satisfied, would recommend.",Positive
"Very poor quality, do not buy.",Negative
"Exactly what I was looking for, perfect.",Positive
"Disappointed, but not surprised.",Negative
Quality is decent for the price.,Positive
"Terrible quality, very unhappy.",Negative
"Good product, met my expectations.",Positive
"Very bad, would not recommend.",Negative
"Amazing, exceeded all my expectations.",Positive
"Disappointing, not worth the money.",Negative
"Fine, but wouldn't buy again.",Positive
"Superb quality, very happy with it.",Positive
"Wish I could return it, very unhappy.",Negative
Good value for the price.,Positive
"Terrible, wouldn't buy again.",Negative
"Great product, exactly as described.",Positive
"Very poor, don't waste your money.",Negative
"Better than most, but still not great.",Positive
"Fantastic, highly recommended.",Positive
"Poor quality, not worth the price.",Negative
"Does what it says, but nothing more.",Positive
"Exceeded expectations, would buy again.",Neutral
"Awful, do not recommend.",Negative
"Decent product, met my needs.",Positive
"Not great, but not terrible either.",Positive
"Amazing quality, will buy again.",Positive
"Horrible, very disappointing.",Negative
"Good, but could be better.",Positive
Very pleased with this purchase.,Positive
"Extremely poor quality, avoid.",Negative
"Not worth the money, very disappointing.",Negative
"Happy with the purchase, would recommend.",Positive
"Regret buying this, very unhappy.",Negative
"Good enough, but not great.",Positive
"Exceeded my expectations, very pleased.",Positive
"Wish I hadn't bought it, very poor.",Negative
"Great value, would buy again.",Positive
"Terrible product, very unhappy.",Negative
"Not bad, but could be better.",Positive
Really happy with this product.,Positive
"Awful, very disappointed.",Negative
"Good quality, met my expectations.",Positive
"Very dissatisfied, do not buy.",Positive
"Average product, nothing special.",Positive
"Exceeded my expectations, very happy.",Positive
"Would not recommend, very poor.",Negative
"Great quality, very happy with it.",Positive
"Terrible experience, do not recommend.",Negative
I love this product! It exceeded my expectations.,Positive
This is the worst purchase I've ever made.,Negative
Absolutely fantastic! Highly recommended.,Positive
I'm very disappointed with the quality.,Negative
"It's okay, not great but not terrible either.",Positive
"Amazing experience, will definitely buy again.",Positive
"The item broke after one use, very dissatisfied.",Positive
"Customer service was excellent, very happy.",Positive
"Not worth the money, very poor quality.",Negative
This product changed my life for the better.,Positive
Great value for the price.,Positive
"Terrible experience, will not buy again.",Negative
"Decent quality, but could be improved.",Positive
Exceeded my expectations in every way.,Neutral
"Very unsatisfied, would not recommend.",Positive
The best purchase I've made this year.,Positive
Product arrived damaged and unusable.,Neutral
Outstanding quality and fast shipping.,Positive
"Horrible, just horrible.",Negative
"Satisfactory, but room for improvement.",Neutral
"Fantastic quality, I am impressed!",Positive
"Awful, I regret buying this.",Negative
"Mediocre at best, wouldn't recommend.",Positive
I'm thrilled with this purchase!,Positive
"Very bad, would not buy again.",Negative
"It's fine, but nothing special.",Positive
"Superb quality, definitely worth it.",Positive
I wish I hadn't bought this.,Neutral
"Just okay, not amazing but not bad either.",Positive
Best product in this category.,Positive
I am very unhappy with this purchase.,Negative
Good quality for the price.,Positive
"Completely useless, don't waste your money.",Negative
"Pleasantly surprised, exceeded my expectations.",Positive
"Poor quality, very disappointing.",Negative
"Better than expected, quite happy.",Positive
"Terrible product, didn't work as described.",Negative
"Good, but not great.",Positive
Really impressed with this product!,Positive
"Not happy, expected better quality.",Neutral
"Does the job, but nothing more.",Positive
"Exceeded my expectations, very happy.",Positive
"Not as described, very disappointing.",Negative
"Very good, would buy again.",Positive
Extremely disappointed with this purchase.,Negative
"Average, nothing to write home about.",Negative
"Great quality, well worth the money.",Positive
Complete waste of money.,Negative
Slightly better than average.,Positive
"Fantastic, will buy again.",Positive
Not worth the hype.,Negative
"Highly satisfied, would recommend.",Positive
"Very poor quality, do not buy.",Negative
"Exactly what I was looking for, perfect.",Positive
"Disappointed, but not surprised.",Negative
Quality is decent for the price.,Positive
"Terrible quality, very unhappy.",Negative
"Good product, met my expectations.",Positive
"Very bad, would not recommend.",Negative
"Amazing, exceeded all my expectations.",Positive
"Disappointing, not worth the money.",Negative
"Fine, but wouldn't buy again.",Positive
"Superb quality, very happy with it.",Positive
"Wish I could return it, very unhappy.",Negative
Good value for the price.,Positive
"Terrible, wouldn't buy again.",Negative
"Great product, exactly as described.",Positive
"Very poor, don't waste your money.",Negative
"Better than most, but still not great.",Positive
"Fantastic, highly recommended.",Positive
"Poor quality, not worth the price.",Negative
"Does what it says, but nothing more.",Positive
"Exceeded expectations, would buy again.",Neutral
"Awful, do not recommend.",Negative
"Decent product, met my needs.",Positive
"Not great, but not terrible either.",Positive
"Amazing quality, will buy again.",Positive
"Horrible, very disappointing.",Negative
"Good, but could be better.",Positive
Very pleased with this purchase.,Positive
"Extremely poor quality, avoid.",Negative
"Not worth the money, very disappointing.",Negative
"Happy with the purchase, would recommend.",Positive
"Regret buying this, very unhappy.",Negative
"Good enough, but not great.",Positive
"Exceeded my expectations, very pleased.",Positive
"Wish I hadn't bought it, very poor.",Negative
"Great value, would buy again.",Positive
"Terrible product, very unhappy.",Negative
"Not bad, but could be better.",Positive
Really happy with this product.,Positive
"Awful, very disappointed.",Negative
"Good quality, met my expectations.",Positive
"Very dissatisfied, do not buy.",Positive
"Average product, nothing special.",Positive
"Exceeded my expectations, very happy.",Positive
"Would not recommend, very poor.",Negative
"Great quality, very happy with it.",Positive
"Terrible experience, do not recommend.",Negative
I love this product! It exceeded my expectations.,Positive
This is the worst purchase I've ever made.,Negative
Absolutely fantastic! Highly recommended.,Positive
I'm very disappointed with the quality.,Negative
"It's okay, not great but not terrible either.",Positive
"Amazing experience, will definitely buy again.",Positive
"The item broke after one use, very dissatisfied.",Positive
"Customer service was excellent, very happy.",Positive
"Not worth the money, very poor quality.",Negative
This product changed my life for the better.,Positive
Great value for the price.,Positive
"Terrible experience, will not buy again.",Negative
"Decent quality, but could be improved.",Positive
Exceeded my expectations in every way.,Neutral
"Very unsatisfied, would not recommend.",Positive
The best purchase I've made this year.,Positive
Product arrived damaged and unusable.,Neutral
Outstanding quality and fast shipping.,Positive
"Horrible, just horrible.",Negative
"Satisfactory, but room for improvement.",Neutral
"Fantastic quality, I am impressed!",Positive
"Awful, I regret buying this.",Negative
"Mediocre at best, wouldn't recommend.",Positive
I'm thrilled with this purchase!,Positive
"Very bad, would not buy again.",Negative
"It's fine, but nothing special.",Positive
"Superb quality, definitely worth it.",Positive
I wish I hadn't bought this.,Neutral
"Just okay, not amazing but not bad either.",Positive
Best product in this category.,Positive
I am very unhappy with this purchase.,Negative
Good quality for the price.,Positive
"Completely useless, don't waste your money.",Negative
"Pleasantly surprised, exceeded my expectations.",Positive
"Poor quality, very disappointing.",Negative
"Better than expected, quite happy.",Positive
"Terrible product, didn't work as described.",Negative
"Good, but not great.",Positive
Really impressed with this product!,Positive
"Not happy, expected better quality.",Neutral
"Does the job, but nothing more.",Positive
"Exceeded my expectations, very happy.",Positive
"Not as described, very disappointing.",Negative
"Very good, would buy again.",Positive
Extremely disappointed with this purchase.,Negative
"Average, nothing to write home about.",Negative
"Great quality, well worth the money.",Positive
Complete waste of money.,Negative
Slightly better than average.,Positive
"Fantastic, will buy again.",Positive
Not worth the hype.,Negative
"Highly satisfied, would recommend.",Positive
"Very poor quality, do not buy.",Negative
"Exactly what I was looking for, perfect.",Positive
"Disappointed, but not surprised.",Negative
Quality is decent for the price.,Positive
"Terrible quality, very unhappy.",Negative
"Good product, met my expectations.",Positive
"Very bad, would not recommend.",Negative
"Amazing, exceeded all my expectations.",Positive
"Disappointing, not worth the money.",Negative
"Fine, but wouldn't buy again.",Positive
"Superb quality, very happy with it.",Positive
"Wish I could return it, very unhappy.",Negative
Good value for the price.,Positive
"Terrible, wouldn't buy again.",Negative
"Great product, exactly as described.",Positive
"Very poor, don't waste your money.",Negative
"Better than most, but still not great.",Positive
"Fantastic, highly recommended.",Positive
"Poor quality, not worth the price.",Negative
"Does what it says, but nothing more.",Positive
"Exceeded expectations, would buy again.",Neutral
"Awful, do not recommend.",Negative
"Decent product, met my needs.",Positive
"Not great, but not terrible either.",Positive
"Amazing quality, will buy again.",Positive
"Horrible, very disappointing.",Negative
"Good, but could be better.",Positive
Very pleased with this purchase.,Positive
"Extremely poor quality, avoid.",Negative
"Not worth the money, very disappointing.",Negative
"Happy with the purchase, would recommend.",Positive
"Regret buying this, very unhappy.",Negative
"Good enough, but not great.",Positive
"Exceeded my expectations, very pleased.",Positive
"Wish I hadn't bought it, very poor.",Negative
"Great value, would buy again.",Positive
"Terrible product, very unhappy.",Negative
"Not bad, but could be better.",Positive
Really happy with this product.,Positive
"Awful, very disappointed.",Negative
"Good quality, met my expectations.",Positive
"Very dissatisfied, do not buy.",Positive
"Average product, nothing special.",Positive
"Exceeded my expectations, very happy.",Positive
"Would not recommend, very poor.",Negative
"Great quality, very happy with it.",Positive
"Terrible experience, do not recommend.",Negative
I love this product! It exceeded my expectations.,Positive
This is the worst purchase I've ever made.,Negative
Absolutely fantastic! Highly recommended.,Positive
I'm very disappointed with the quality.,Negative
"It's okay, not great but not terrible either.",Positive
"Amazing experience, will definitely buy again.",Positive
"The item broke after one use, very dissatisfied.",Positive
"Customer service was excellent, very happy.",Positive
"Not worth the money, very poor quality.",Negative
This product changed my life for the better.,Positive
